Nazwa_Modelu,df,Wartosc_AIC
m1: Sama pogoda,10,3181949.8740009624
m2: + 50 Lotnisk,58,3168525.097654581
m3: + Miesiac i Pora,72,3133894.422728591
m4: Pelny (+Linie),86,3114934.701424425
